date,મહિનો,ગુજરાતી તિથી,તહેવાર/જન્મદિવસ,તહેવાર(પ્રકાર),SUNRISE TIME,SUNSET TIME
2025/10/22,કારતક,સુદ-૧,બેસતુ વર્ષ,તહેવાર,06:47:00,18:05:00
2025/10/23,કારતક,સુદ-ર,,,06:47:00,18:05:00
2025/10/24,કારતક,સુદ-૩,,,06:47:00,18:05:00
2025/10/25,કારતક,સુદ-૪,,,06:47:00,18:05:00
2025/10/26,કારતક,સુદ-પ,,,06:47:00,18:05:00
2025/10/27,કારતક,સુદ-૬,,,06:47:00,18:05:00
2025/10/28,કારતક,સુદ-૬,,,06:47:00,18:05:00
2025/10/29,કારતક,સુદ-૭,,,06:47:00,18:05:00
2025/10/30,કારતક,સુદ-૮,,,06:47:00,18:05:00
2025/10/31,કારતક,સુદ-૯,,,06:47:00,18:05:00
2025/11/01,કારતક,સુદ-૧૦,અગિયારસ,તહેવાર,06:47:00,18:05:00
2025/11/02,કારતક,સુદ-૧૧,,,06:47:00,18:04:00
2025/11/03,કારતક,સુદ-૧૩,,,06:48:00,18:04:00
2025/11/04,કારતક,સુદ-૧૪,,,06:48:00,18:03:00
2025/11/05,કારતક,સુદ-૧પ,પૂનમ,તહેવાર,06:49:00,18:03:00
2025/11/06,કારતક,વદ-૧,,,06:49:00,18:02:00
2025/11/07,કારતક,વદ-ર,,,06:50:00,18:02:00
2025/11/08,કારતક,વદ-૩,,,06:51:00,18:01:00
2025/11/09,કારતક,વદ-પ,,,06:51:00,18:01:00
2025/11/10,કારતક,વદ-૬,,,06:52:00,18:00:00
2025/11/11,કારતક,વદ-૭,,,06:52:00,18:00:00
2025/11/12,કારતક,વદ-૮,,,06:53:00,18:00:00
2025/11/13,કારતક,વદ-૯,,,06:54:00,17:59:00
2025/11/14,કારતક,વદ-૧૦,,,06:54:00,17:59:00
2025/11/15,કારતક,વદ-૧૧,અગિયારસ,તહેવાર,06:55:00,17:59:00
2025/11/16,કારતક,વદ-૧ર,,,06:56:00,17:58:00
2025/11/17,કારતક,વદ-૧૩,,,06:56:00,17:58:00
2025/11/18,કારતક,વદ-૧૩,,,06:57:00,17:58:00
2025/11/19,કારતક,વદ-૧૪,,,06:58:00,17:58:00
2025/11/20,કારતક,વદ-૩૦,અમાસ,તહેવાર,06:58:00,17:57:00
,,,,,,
2025/11/21,માગશર,સુદ-૧,,,06:59:00,17:57:00
2025/11/22,માગશર,સુદ-ર,,,07:00:00,17:57:00
2025/11/23,માગશર,સુદ-૩,,,07:00:00,17:57:00
2025/11/24,માગશર,સુદ-૪,,,07:01:00,17:57:00
2025/11/25,માગશર,સુદ-પ,,,07:02:00,17:57:00
2025/11/26,માગશર,સુદ-૬,,,07:02:00,17:57:00
2025/11/27,માગશર,સુદ-૭,,,07:03:00,17:57:00
2025/11/28,માગશર,સુદ-૮,,,07:04:00,17:57:00
2025/11/29,માગશર,સુદ-૯,,,07:04:00,17:57:00
2025/11/30,માગશર,સુદ-૧૦,,,07:05:00,17:57:00
2025/12/01,માગશર,સુદ-૧૧,અગિયારસ,તહેવાર,07:06:00,17:57:00
2025/12/02,માગશર,સુદ-૧ર,,,07:06:00,17:57:00
2025/12/03,માગશર,સુદ-૧૩,,,07:07:00,17:57:00
2025/12/04,માગશર,સુદ-૧૪,પૂનમ,તહેવાર,07:08:00,17:57:00
2025/12/05,માગશર,વદ-૧,,,07:08:00,17:57:00
2025/12/06,માગશર,વદ-ર,,,07:09:00,17:58:00
2025/12/07,માગશર,વદ-૩,,,07:10:00,17:58:00
2025/12/08,માગશર,વદ-૪,,,07:10:00,17:58:00
2025/12/09,માગશર,વદ-પ,,,07:11:00,17:58:00
2025/12/10,માગશર,વદ-૬,,,07:11:00,17:59:00
2025/12/11,માગશર,વદ-૭,,,07:12:00,17:59:00
2025/12/12,માગશર,વદ-૮,,,07:13:00,17:59:00
2025/12/13,માગશર,વદ-૯,,,07:13:00,18:00:00
2025/12/14,માગશર,વદ-૧૦,,,07:14:00,18:00:00
2025/12/15,માગશર,વદ-૧૧,અગિયારસ,તહેવાર,07:14:00,18:00:00
2025/12/16,માગશર,વદ-૧ર,,,07:15:00,18:01:00
2025/12/17,માગશર,વદ-૧૩,,,07:16:00,18:01:00
2025/12/18,માગશર,વદ-૧૪,,,07:16:00,18:02:00
2025/12/19,માગશર,વદ-૩૦,અમાસ,તહેવાર,07:17:00,18:02:00
,,,,,,
2025/12/20,પોષ,સુદ-૧,,,07:17:00,18:02:00
2025/12/21,પોષ,સુદ-૧,,,07:18:00,18:03:00
2025/12/22,પોષ,સુદ-ર,,,07:18:00,18:03:00
2025/12/23,પોષ,સુદ-૩,,,07:19:00,18:04:00
2025/12/24,પોષ,સુદ-૪,,,07:19:00,18:04:00
2025/12/25,પોષ,સુદ-પ,,,07:20:00,18:05:00
2025/12/26,પોષ,સુદ-૬,,,07:20:00,18:06:00
2025/12/27,પોષ,સુદ-૭,,,07:20:00,18:06:00
2025/12/28,પોષ,સુદ-૮,,,07:21:00,18:07:00
2025/12/29,પોષ,સુદ-૯,,,07:21:00,18:07:00
2025/12/30,પોષ,સુદ-૧૦,અગિયારસ,તહેવાર,07:22:00,18:08:00
2025/12/31,પોષ,સુદ-૧ર,,,07:22:00,18:09:00
2026/01/01,પોષ,સુદ-૧૩,,,07:22:00,18:09:00
2026/01/02,પોષ,સુદ-૧૪,,,07:23:00,18:10:00
2026/01/03,પોષ,સુદ-૧પ,પૂનમ,તહેવાર,07:23:00,18:11:00
2026/01/04,પોષ,વદ-૧,,,07:23:00,18:11:00
2026/01/05,પોષ,વદ-ર,,,07:23:00,18:12:00
2026/01/06,પોષ,વદ-૩,,,07:24:00,18:13:00
2026/01/07,પોષ,વદ-પ,,,07:24:00,18:13:00
2026/01/08,પોષ,વદ-૬,,,07:24:00,18:14:00
2026/01/09,પોષ,વદ-૭,,,07:24:00,18:15:00
2026/01/10,પોષ,વદ-૭,,,07:24:00,18:15:00
2026/01/11,પોષ,વદ-૮,,,07:24:00,18:16:00
2026/01/12,પોષ,વદ-૯,,,07:24:00,18:17:00
2026/01/13,પોષ,વદ-૧૦,,,07:25:00,18:17:00
2026/01/14,પોષ,વદ-૧૧,"અગિયારસ
મકરસંક્રાતિ",તહેવાર,07:25:00,18:18:00
2026/01/15,પોષ,વદ-૧ર,,,07:25:00,18:19:00
2026/01/16,પોષ,વદ-૧૩,,,07:25:00,18:19:00
2026/01/17,પોષ,વદ-૧૪,,,07:25:00,18:20:00
2026/01/18,પોષ,વદ-૩૦,અમાસ,તહેવાર,07:24:00,18:21:00
,,,,,,
2026/01/19,મહા,સુદ-૧,,,07:24:00,18:22:00
2026/01/20,મહા,સુદ-ર,,,07:24:00,18:22:00
2026/01/21,મહા,સુદ-૩,,,07:24:00,18:23:00
2026/01/22,મહા,સુદ-૪,,,07:24:00,18:24:00
2026/01/23,મહા,સુદ-પ,,,07:24:00,18:24:00
2026/01/24,મહા,સુદ-૬,,,07:24:00,18:25:00
2026/01/25,મહા,સુદ-૭,,,07:23:00,18:26:00
2026/01/26,મહા,સુદ-૮,,,07:23:00,18:26:00
2026/01/27,મહા,સુદ-૯,,,07:23:00,18:27:00
2026/01/28,મહા,સુદ-૧૦,,,07:23:00,18:28:00
2026/01/29,મહા,સુદ-૧૧,અગિયારસ,તહેવાર,07:22:00,18:28:00
2026/01/30,મહા,સુદ-૧ર,,,07:22:00,18:29:00
2026/01/31,મહા,સુદ-૧૩,,,07:22:00,18:30:00
2026/02/01,મહા,સુદ-૧પ,પૂનમ,તહેવાર,07:21:00,18:30:00
2026/02/02,મહા,વદ-૧,,,07:21:00,18:31:00
2026/02/03,મહા,વદ-ર,,,07:21:00,18:32:00
2026/02/04,મહા,વદ-૩,,,07:20:00,18:32:00
2026/02/05,મહા,વદ-૪,,,07:20:00,18:33:00
2026/02/06,મહા,વદ-પ,,,07:19:00,18:34:00
2026/02/07,મહા,વદ-૬,,,07:19:00,18:34:00
2026/02/08,મહા,વદ-૭,,,07:18:00,18:35:00
2026/02/09,મહા,વદ-૮,,,07:18:00,18:35:00
2026/02/10,મહા,વદ-૮,,,07:17:00,18:36:00
2026/02/11,મહા,વદ-૯,,,07:17:00,18:37:00
2026/02/12,મહા,વદ-૧૦,,,07:16:00,18:37:00
2026/02/13,મહા,વદ-૧૧,અગિયારસ,તહેવાર,07:15:00,18:38:00
2026/02/14,મહા,વદ-૧ર,,,07:15:00,18:38:00
2026/02/15,મહા,વદ-૧૩,,,07:14:00,18:39:00
2026/02/16,મહા,વદ-૧૪,,,07:14:00,18:39:00
2026/02/17,મહા,વદ-૩૦,,,07:13:00,18:40:00
,,,,,,
2026/02/18,ફાગણ,સુદ-૧,,,07:12:00,18:40:00
2026/02/19,ફાગણ,સુદ-ર,,,07:11:00,18:41:00
2026/02/20,ફાગણ,સુદ-૩,,,07:11:00,18:41:00
2026/02/21,ફાગણ,સુદ-૪,,,07:10:00,18:42:00
2026/02/22,ફાગણ,સુદ-પ,,,07:09:00,18:42:00
2026/02/23,ફાગણ,સુદ-૬,,,07:09:00,18:43:00
2026/02/24,ફાગણ,સુદ-૮,,,07:08:00,18:43:00
2026/02/25,ફાગણ,સુદ-૯,,,07:07:00,18:44:00
2026/02/26,ફાગણ,સુદ-૧૦,,,07:06:00,18:44:00
2026/02/27,ફાગણ,સુદ-૧૧,અગિયારસ,તહેવાર,07:05:00,18:45:00
2026/02/28,ફાગણ,સુદ-૧ર,,,07:05:00,18:45:00
2026/03/01,ફાગણ,સુદ-૧૩,,,07:04:00,18:46:00
2026/03/02,ફાગણ,સુદ-૧૪,"પૂનમ
હોળી",તહેવાર,07:03:00,18:46:00
2026/03/03,ફાગણ,સુદ-૧પ,ધૂળેટી,તહેવાર,07:02:00,18:47:00
2026/03/04,ફાગણ,વદ-૧,,,07:01:00,18:47:00
2026/03/05,ફાગણ,વદ-ર,,,07:00:00,18:47:00
2026/03/06,ફાગણ,વદ-૩,,,06:59:00,18:48:00
2026/03/07,ફાગણ,વદ-૪,,,06:59:00,18:48:00
2026/03/08,ફાગણ,વદ-પ,,,06:58:00,18:49:00
2026/03/09,ફાગણ,વદ-૬,,,06:57:00,18:49:00
2026/03/10,ફાગણ,વદ-૭,,,06:56:00,18:49:00
2026/03/11,ફાગણ,વદ-૮,,,06:55:00,18:50:00
2026/03/12,ફાગણ,વદ-૯,,,06:54:00,18:50:00
2026/03/13,ફાગણ,વદ-૧૦,,,06:53:00,18:51:00
2026/03/14,ફાગણ,વદ-૧૦,,,06:52:00,18:51:00
2026/03/15,ફાગણ,વદ-૧૧,અગિયારસ,તહેવાર,06:51:00,18:51:00
2026/03/16,ફાગણ,વદ-૧ર,,,06:50:00,18:52:00
2026/03/17,ફાગણ,વદ-૧૩,,,06:49:00,18:52:00
2026/03/18,ફાગણ,વદ-૧૪,,,06:48:00,18:53:00
2026/03/19,ફાગણ,વદ-૩૦,અમાસ,તહેવાર,06:48:00,18:53:00
,,,,,,
2026/03/20,ચૈત્ર,સુદ-ર,,,06:47:00,18:53:00
2026/03/21,ચૈત્ર,સુદ-૩,,,06:46:00,18:54:00
2026/03/22,ચૈત્ર,સુદ-૪,,,06:45:00,18:54:00
2026/03/23,ચૈત્ર,સુદ-પ,,,06:44:00,18:54:00
2026/03/24,ચૈત્ર,સુદ-૬,,,06:43:00,18:55:00
2026/03/25,ચૈત્ર,સુદ-૭,,,06:42:00,18:55:00
2026/03/26,ચૈત્ર,સુદ-૮,રામનવમી,તહેવાર,06:41:00,18:55:00
2026/03/27,ચૈત્ર,સુદ-૯,,,06:40:00,18:56:00
2026/03/28,ચૈત્ર,સુદ-૧૦,,,06:39:00,18:56:00
2026/03/29,ચૈત્ર,સુદ-૧૧,અગિયારસ,તહેવાર,06:38:00,18:56:00
2026/03/30,ચૈત્ર,સુદ-૧ર,,,06:37:00,18:57:00
2026/03/31,ચૈત્ર,સુદ-૧૩,,,06:36:00,18:57:00
2026/04/01,ચૈત્ર,સુદ-૧૪,દિકરી માધવીનો જન્મ દિવસ,જન્મ દિવસ,06:35:00,18:57:00
2026/04/02,ચૈત્ર,સુદ-૧પ,"પૂનમ
હનુમાન જયંતિ",તહેવાર,06:34:00,18:58:00
2026/04/03,ચૈત્ર,વદ-૧,,,06:33:00,18:58:00
2026/04/04,ચૈત્ર,વદ-ર,,,06:32:00,18:59:00
2026/04/05,ચૈત્ર,વદ-૩,,,06:31:00,18:59:00
2026/04/06,ચૈત્ર,વદ-૪,,,06:30:00,18:59:00
2026/04/07,ચૈત્ર,વદ-પ,,,06:30:00,19:00:00
2026/04/08,ચૈત્ર,વદ-૬,,,06:29:00,19:00:00
2026/04/09,ચૈત્ર,વદ-૭,,,06:28:00,19:00:00
2026/04/10,ચૈત્ર,વદ-૮,,,06:27:00,19:01:00
2026/04/11,ચૈત્ર,વદ-૯,,,06:26:00,19:01:00
2026/04/12,ચૈત્ર,વદ-૧૦,,,06:25:00,19:01:00
2026/04/13,ચૈત્ર,વદ-૧૧,અગિયારસ,તહેવાર,06:24:00,19:02:00
2026/04/14,ચૈત્ર,વદ-૧ર,,,06:23:00,19:02:00
2026/04/15,ચૈત્ર,વદ-૧૩,,,06:22:00,19:03:00
2026/04/16,ચૈત્ર,વદ-૧૪,,,06:22:00,19:03:00
2026/04/17,ચૈત્ર,વદ-૩૦,અમાસ,તહેવાર,06:21:00,19:03:00
,,,,,,
2026/04/18,વૈશાખ,સુદ-૧,,,06:20:00,19:04:00
2026/04/19,વૈશાખ,સુદ-ર,,,06:19:00,19:04:00
2026/04/20,વૈશાખ,સુદ-૩,,,06:18:00,19:04:00
2026/04/21,વૈશાખ,સુદ-પ,,,06:17:00,19:05:00
2026/04/22,વૈશાખ,સુદ-૬,,,06:17:00,19:05:00
2026/04/23,વૈશાખ,સુદ-૭,,,06:16:00,19:06:00
2026/04/24,વૈશાખ,સુદ-૮,,,06:15:00,19:06:00
2026/04/25,વૈશાખ,સુદ-૯,,,06:14:00,19:06:00
2026/04/26,વૈશાખ,સુદ-૧૦,,,06:14:00,19:07:00
2026/04/27,વૈશાખ,સુદ-૧૧,અગિયારસ,તહેવાર,06:13:00,19:07:00
2026/04/28,વૈશાખ,સુદ-૧ર,,,06:12:00,19:08:00
2026/04/29,વૈશાખ,સુદ-૧૩,,,06:11:00,19:08:00
2026/04/30,વૈશાખ,સુદ-૧૪,,,06:11:00,19:09:00
2026/05/01,વૈશાખ,સુદ-૧પ,પૂનમ,તહેવાર,06:10:00,19:09:00
2026/05/02,વૈશાખ,વદ-૧,,,06:09:00,19:09:00
2026/05/03,વૈશાખ,વદ-ર,,,06:09:00,19:10:00
2026/05/04,વૈશાખ,વદ-૩,,,06:08:00,19:10:00
2026/05/05,વૈશાખ,વદ-૪,,,06:07:00,19:11:00
2026/05/06,વૈશાખ,વદ-૪,,,06:07:00,19:11:00
2026/05/07,વૈશાખ,વદ-પ,,,06:06:00,19:12:00
2026/05/08,વૈશાખ,વદ-૬,,,06:06:00,19:12:00
2026/05/09,વૈશાખ,વદ-૭,,,06:05:00,19:13:00
2026/05/10,વૈશાખ,વદ-૮,,,06:05:00,19:13:00
2026/05/11,વૈશાખ,વદ-૯,,,06:04:00,19:13:00
2026/05/12,વૈશાખ,વદ-૧૦,,,06:04:00,19:14:00
2026/05/13,વૈશાખ,વદ-૧૧,અગિયારસ,તહેવાર,06:03:00,19:14:00
2026/05/14,વૈશાખ,વદ-૧ર,,,06:03:00,19:15:00
2026/05/15,વૈશાખ,વદ-૧૩,,,06:02:00,19:15:00
2026/05/16,વૈશાખ,વદ-૩૦,અમાસ,તહેવાર,06:02:00,19:16:00
,,,,,,
2026/05/17,અધિક જેઠ,સુદ-૧,,,06:01:00,19:16:00
2026/05/18,અધિક જેઠ,સુદ-ર,,,06:01:00,19:17:00
2026/05/19,અધિક જેઠ,સુદ-૩,,,06:01:00,19:17:00
2026/05/20,અધિક જેઠ,સુદ-૪,,,06:00:00,19:18:00
2026/05/21,અધિક જેઠ,સુદ-પ,,,06:00:00,19:18:00
2026/05/22,અધિક જેઠ,સુદ-૬,,,06:00:00,19:18:00
2026/05/23,અધિક જેઠ,સુદ-૮,,,05:59:00,19:19:00
2026/05/24,અધિક જેઠ,સુદ-૯,,,05:59:00,19:19:00
2026/05/25,અધિક જેઠ,સુદ-૧૦,,,05:59:00,19:20:00
2026/05/26,અધિક જેઠ,સુદ-૧૧,,,05:58:00,19:20:00
2026/05/27,અધિક જેઠ,સુદ-૧૧,અગિયારસ,તહેવાર,05:58:00,19:21:00
2026/05/28,અધિક જેઠ,સુદ-૧ર,,,05:58:00,19:21:00
2026/05/29,અધિક જેઠ,સુદ-૧૩,,,05:58:00,19:22:00
2026/05/30,અધિક જેઠ,સુદ-૧૪,,,05:58:00,19:22:00
2026/05/31,અધિક જેઠ,સુદ-૧પ,પૂનમ,તહેવાર,05:58:00,19:22:00
2026/06/01,અધિક જેઠ,વદ-૧,,,05:57:00,19:23:00
2026/06/02,અધિક જેઠ,વદ-ર,,,05:57:00,19:23:00
2026/06/03,અધિક જેઠ,વદ-૩,,,05:57:00,19:24:00
2026/06/04,અધિક જેઠ,વદ-૪,,,05:57:00,19:24:00
2026/06/05,અધિક જેઠ,વદ-પ,પિતાજીનો જન્મ દિવસ,જન્મ દિવસ,05:57:00,19:25:00
2026/06/06,અધિક જેઠ,વદ-૬,,,05:57:00,19:25:00
2026/06/07,અધિક જેઠ,વદ-૭,,,05:57:00,19:25:00
2026/06/08,અધિક જેઠ,વદ-૮,,,05:57:00,19:26:00
2026/06/09,અધિક જેઠ,વદ-૯,,,05:57:00,19:26:00
2026/06/10,અધિક જેઠ,વદ-૧૦,,,05:57:00,19:26:00
2026/06/11,અધિક જેઠ,વદ-૧૧,અગિયારસ,તહેવાર,05:57:00,19:27:00
2026/06/12,અધિક જેઠ,વદ-૧ર,,,05:57:00,19:27:00
2026/06/13,અધિક જેઠ,વદ-૧૩,,,05:57:00,19:27:00
2026/06/14,અધિક જેઠ,વદ-૧૪,,,05:57:00,19:28:00
2026/06/15,અધિક જેઠ,વદ-૩૦,અમાસ,તહેવાર,05:57:00,19:28:00
,,,,,,
2026/06/16,નિજ જેઠ,સુદ-ર,,,05:58:00,19:28:00
2026/06/17,નિજ જેઠ,સુદ-૩,,,05:58:00,19:29:00
2026/06/18,નિજ જેઠ,સુદ-૪,,,05:58:00,19:29:00
2026/06/19,નિજ જેઠ,સુદ-પ,,,05:58:00,19:29:00
2026/06/20,નિજ જેઠ,સુદ-૬,,,05:58:00,19:29:00
2026/06/21,નિજ જેઠ,સુદ-૭,,,05:58:00,19:30:00
2026/06/22,નિજ જેઠ,સુદ-૮,,,05:59:00,19:30:00
2026/06/23,નિજ જેઠ,સુદ-૯,,,05:59:00,19:30:00
2026/06/24,નિજ જેઠ,સુદ-૧૦,,,05:59:00,19:30:00
2026/06/25,નિજ જેઠ,સુદ-૧૧,અગિયારસ,તહેવાર,05:59:00,19:30:00
2026/06/26,નિજ જેઠ,સુદ-૧ર,,,06:00:00,19:30:00
2026/06/27,નિજ જેઠ,સુદ-૧૩,,,06:00:00,19:31:00
2026/06/28,નિજ જેઠ,સુદ-૧૪,,,06:00:00,19:31:00
2026/06/29,નિજ જેઠ,સુદ-૧પ,પૂનમ,તહેવાર,06:01:00,19:31:00
2026/06/30,નિજ જેઠ,વદ-૧,,,06:01:00,19:31:00
2026/07/01,નિજ જેઠ,વદ-૧,,,06:01:00,19:31:00
2026/07/02,નિજ જેઠ,વદ-ર,,,06:02:00,19:31:00
2026/07/03,નિજ જેઠ,વદ-૩,,,06:02:00,19:31:00
2026/07/04,નિજ જેઠ,વદ-૪,,,06:02:00,19:31:00
2026/07/05,નિજ જેઠ,વદ-પ,,,06:03:00,19:31:00
2026/07/06,નિજ જેઠ,વદ-૬,,,06:03:00,19:31:00
2026/07/07,નિજ જેઠ,વદ-૭,,,06:03:00,19:31:00
2026/07/08,નિજ જેઠ,વદ-૮,,,06:04:00,19:31:00
2026/07/09,નિજ જેઠ,વદ-૯,,,06:04:00,19:31:00
2026/07/10,નિજ જેઠ,વદ-૧૦,અગિયારસ,તહેવાર,06:05:00,19:31:00
2026/07/11,નિજ જેઠ,વદ-૧ર,,,06:05:00,19:30:00
2026/07/12,નિજ જેઠ,વદ-૧૩,,,06:05:00,19:30:00
2026/07/13,નિજ જેઠ,વદ-૧૪,,,06:06:00,19:30:00
2026/07/14,નિજ જેઠ,વદ-૩૦,અમાસ,તહેવાર,06:06:00,19:30:00
,,,,,,
2026/07/15,અષાઠ,સુદ-૧,,,06:07:00,19:30:00
2026/07/16,અષાઠ,સુદ-ર,,,06:07:00,19:30:00
2026/07/17,અષાઠ,સુદ-૩,દિકરા પિનાકનો જન્મ દિવસ,જન્મ દિવસ,06:07:00,19:29:00
2026/07/18,અષાઠ,સુદ-પ,,,06:08:00,19:29:00
2026/07/19,અષાઠ,સુદ-૬,,,06:08:00,19:29:00
2026/07/20,અષાઠ,સુદ-૭,,,06:09:00,19:28:00
2026/07/21,અષાઠ,સુદ-૮,,,06:09:00,19:28:00
2026/07/22,અષાઠ,સુદ-૯,,,06:09:00,19:28:00
2026/07/23,અષાઠ,સુદ-૯,,,06:10:00,19:27:00
2026/07/24,અષાઠ,સુદ-૧૦,,,06:10:00,19:27:00
2026/07/25,અષાઠ,સુદ-૧૧,અગિયારસ,તહેવાર,06:11:00,19:27:00
2026/07/26,અષાઠ,સુદ-૧ર,,,06:11:00,19:26:00
2026/07/27,અષાઠ,સુદ-૧૩,,,06:12:00,19:26:00
2026/07/28,અષાઠ,સુદ-૧૪,,,06:12:00,19:25:00
2026/07/29,અષાઠ,સુદ-૧પ,"પૂનમ
ગુરૂ પૂનમ",તહેવાર,06:12:00,19:25:00
2026/07/30,અષાઠ,વદ-૧,,,06:13:00,19:24:00
2026/07/31,અષાઠ,વદ-ર,,,06:13:00,19:24:00
2026/08/01,અષાઠ,વદ-૩,,,06:14:00,19:23:00
2026/08/02,અષાઠ,વદ-૪,,,06:14:00,19:23:00
2026/08/03,અષાઠ,વદ-પ,,,06:15:00,19:22:00
2026/08/04,અષાઠ,વદ-૬,,,06:15:00,19:22:00
2026/08/05,અષાઠ,વદ-૭,,,06:15:00,19:21:00
2026/08/06,અષાઠ,વદ-૮,,,06:16:00,19:20:00
2026/08/07,અષાઠ,વદ-૯,,,06:16:00,19:20:00
2026/08/08,અષાઠ,વદ-૧૦,,,06:17:00,19:19:00
2026/08/09,અષાઠ,વદ-૧૧,અગિયારસ,તહેવાર,06:17:00,19:18:00
2026/08/10,અષાઠ,વદ-૧ર,,,06:17:00,19:18:00
2026/08/11,અષાઠ,વદ-૧૪,,,06:18:00,19:17:00
2026/08/12,અષાઠ,વદ-૩૦,અમાસ,તહેવાર,06:18:00,19:16:00
,,,,,,
2026/08/13,શ્રાવણ,સુદ-૧,,,06:18:00,19:16:00
2026/08/14,શ્રાવણ,સુદ-ર,,,06:19:00,19:15:00
2026/08/15,શ્રાવણ,સુદ-૩,,,06:19:00,19:14:00
2026/08/16,શ્રાવણ,સુદ-૪,,,06:20:00,19:13:00
2026/08/17,શ્રાવણ,સુદ-પ,,,06:20:00,19:13:00
2026/08/18,શ્રાવણ,સુદ-૬,,,06:20:00,19:12:00
2026/08/19,શ્રાવણ,સુદ-૭,,,06:21:00,19:11:00
2026/08/20,શ્રાવણ,સુદ-૮,,,06:21:00,19:10:00
2026/08/21,શ્રાવણ,સુદ-૯,,,06:21:00,19:09:00
2026/08/22,શ્રાવણ,સુદ-૧૦,,,06:22:00,19:08:00
2026/08/23,શ્રાવણ,સુદ-૧૧,અગિયારસ,તહેવાર,06:22:00,19:08:00
2026/08/24,શ્રાવણ,સુદ-૧ર,,,06:22:00,19:07:00
2026/08/25,શ્રાવણ,સુદ-૧૩,,,06:23:00,19:06:00
2026/08/26,શ્રાવણ,સુદ-૧૩,,,06:23:00,19:05:00
2026/08/27,શ્રાવણ,સુદ-૧૪,,,06:23:00,19:04:00
2026/08/28,શ્રાવણ,સુદ-૧પ,"પૂનમ
રક્ષા બંધન",તહેવાર,06:24:00,19:03:00
2026/08/29,શ્રાવણ,વદ-૧,,,06:24:00,19:02:00
2026/08/30,શ્રાવણ,વદ-ર,,,06:24:00,19:01:00
2026/08/31,શ્રાવણ,વદ-૩,,,06:25:00,19:01:00
2026/09/01,શ્રાવણ,વદ-૪,,,06:25:00,19:00:00
2026/09/02,શ્રાવણ,વદ-૬,રાંધણા છઠૃ,તહેવાર,06:25:00,18:59:00
2026/09/03,શ્રાવણ,વદ-૭,શીતળા સાતમ,તહેવાર,06:25:00,18:58:00
2026/09/04,શ્રાવણ,વદ-૮,જન્માષ્ટમી,તહેવાર,06:26:00,18:57:00
2026/09/05,શ્રાવણ,વદ-૯,,,06:26:00,18:56:00
2026/09/06,શ્રાવણ,વદ-૧૦,,,06:26:00,18:55:00
2026/09/07,શ્રાવણ,વદ-૧૧,અગિયારસ,તહેવાર,06:27:00,18:54:00
2026/09/08,શ્રાવણ,વદ-૧ર,,,06:27:00,18:53:00
2026/09/09,શ્રાવણ,વદ-૧૩,,,06:27:00,18:52:00
2026/09/10,શ્રાવણ,વદ-૧૪,,,06:27:00,18:51:00
2026/09/11,શ્રાવણ,વદ-૩૦,અમાસ,તહેવાર,06:28:00,18:50:00
,,,,,,
2026/09/12,ભાદરવો,સુદ-૧,,,06:28:00,18:49:00
2026/09/13,ભાદરવો,સુદ-ર,,,06:28:00,18:48:00
2026/09/14,ભાદરવો,સુદ-૩,,,06:29:00,18:47:00
2026/09/15,ભાદરવો,સુદ-૪,,,06:29:00,18:46:00
2026/09/16,ભાદરવો,સુદ-પ,,,06:29:00,18:45:00
2026/09/17,ભાદરવો,સુદ-૬,,,06:29:00,18:44:00
2026/09/18,ભાદરવો,સુદ-૭,,,06:30:00,18:43:00
2026/09/19,ભાદરવો,સુદ-૮,,,06:30:00,18:42:00
2026/09/20,ભાદરવો,સુદ-૯,,,06:30:00,18:41:00
2026/09/21,ભાદરવો,સુદ-૧૦,,,06:31:00,18:40:00
2026/09/22,ભાદરવો,સુદ-૧૧,અગિયારસ,તહેવાર,06:31:00,18:39:00
2026/09/23,ભાદરવો,સુદ-૧ર,નટવરભાઇનો જન્મ દિવસ,જન્મ દિવસ,06:31:00,18:38:00
2026/09/24,ભાદરવો,સુદ-૧૩,,,06:32:00,18:37:00
2026/09/25,ભાદરવો,સુદ-૧૪,,,06:32:00,18:36:00
2026/09/26,ભાદરવો,સુદ-૧પ,પૂનમ,તહેવાર,06:32:00,18:35:00
2026/09/27,ભાદરવો,વદ-૧,,,06:32:00,18:34:00
2026/09/28,ભાદરવો,વદ-ર,,,06:33:00,18:33:00
2026/09/29,ભાદરવો,વદ-૩,,,06:33:00,18:32:00
2026/09/30,ભાદરવો,વદ-૪,,,06:33:00,18:31:00
2026/10/01,ભાદરવો,વદ-પ,,,06:34:00,18:30:00
2026/10/02,ભાદરવો,વદ-૬,,,06:34:00,18:29:00
2026/10/03,ભાદરવો,વદ-૭,,,06:34:00,18:28:00
2026/10/04,ભાદરવો,વદ-૯,,,06:35:00,18:27:00
2026/10/05,ભાદરવો,વદ-૧૦,,,06:35:00,18:26:00
2026/10/06,ભાદરવો,વદ-૧૧,અગિયારસ,તહેવાર,06:35:00,18:25:00
2026/10/07,ભાદરવો,વદ-૧ર,,,06:36:00,18:24:00
2026/10/08,ભાદરવો,વદ-૧૩,,,06:36:00,18:23:00
2026/10/09,ભાદરવો,વદ-૧૪,,,06:36:00,18:22:00
2026/10/10,ભાદરવો,વદ-૩૦,અમાસ,તહેવાર,06:37:00,18:22:00
,,,,,,
2026/10/11,આસો,સુદ-૧,નવરાત્રી પ્રારંભ,તહેવાર,06:37:00,18:21:00
2026/10/12,આસો,સુદ-ર,,,06:37:00,18:20:00
2026/10/13,આસો,સુદ-૩,,,06:38:00,18:19:00
2026/10/14,આસો,સુદ-૪,,,06:38:00,18:18:00
2026/10/15,આસો,સુદ-પ,,,06:39:00,18:17:00
2026/10/16,આસો,સુદ-૬,,,06:39:00,18:16:00
2026/10/17,આસો,સુદ-૭,,,06:39:00,18:16:00
2026/10/18,આસો,સુદ-૭,,,06:40:00,18:15:00
2026/10/19,આસો,સુદ-૮,,,06:40:00,18:14:00
2026/10/20,આસો,સુદ-૯,દશેરા,તહેવાર,06:41:00,18:13:00
2026/10/21,આસો,સુદ-૧૦,,,06:41:00,18:12:00
2026/10/22,આસો,સુદ-૧૧,અગિયારસ,તહેવાર,06:42:00,18:12:00
2026/10/23,આસો,સુદ-૧ર,,,06:42:00,18:11:00
2026/10/24,આસો,સુદ-૧૩,,,06:43:00,18:10:00
2026/10/25,આસો,સુદ-૧૪,,,06:43:00,18:09:00
2026/10/26,આસો,સુદ-૧પ,પૂનમ,તહેવાર,06:44:00,18:09:00
2026/10/27,આસો,વદ-૧,,,06:44:00,18:08:00
2026/10/28,આસો,વદ-૩,,,06:44:00,18:07:00
2026/10/29,આસો,વદ-૪,,,06:45:00,18:07:00
2026/10/30,આસો,વદ-પ,,,06:46:00,18:06:00
2026/10/31,આસો,વદ-૬,,,06:46:00,18:05:00
2026/11/01,આસો,વદ-૭,,,06:47:00,18:05:00
2026/11/02,આસો,વદ-૮,,,06:47:00,18:04:00
2026/11/03,આસો,વદ-૯,,,06:48:00,18:04:00
2026/11/04,આસો,વદ-૧૦,,,06:48:00,18:03:00
2026/11/05,આસો,વદ-૧૧,અગિયારસ,તહેવાર,06:49:00,18:03:00
2026/11/06,આસો,વદ-૧ર,,,06:49:00,18:02:00
2026/11/07,આસો,વદ-૧૩,,,06:50:00,18:02:00
2026/11/08,આસો,વદ-૧૪,,,06:51:00,18:01:00
2026/11/09,આસો,વદ-૩૦,"અમાસ
દિવાળી ",તહેવાર,06:51:00,18:01:00
